{
  "alpha_vector": [
    779.1464407810245,
    -232.50588492066498,
    -87.86076943030255,
    69.15681766803662,
    -62.93264224317033,
    87.818907922743,
    257.52703848901973,
    50.33826690650442,
    138.31840878379302,
    -75.40072691452013,
    125.6637079750075
  ],
  "beta_vector": [
    -85.2008729273684,
    147.46692525286676,
    92.27137186604816,
    100.2359641655888,
    -63.627281449256884,
    51.42231031221667,
    3.831514530298334,
    -78.89938840449771,
    114.64153418166713,
    452.389283462283
  ]
}